conc,rain_setting,exp,rep,Attribute,Value
0.1,1,1,1,cloudy,0.099986095
0.1,1,1,1,umbrella,0.099986095
0.1,1,1,1,em_tskew,0.099986095
0.1,1,1,1,em_t,0.099986095
0.1,1,1,2,cloudy,0.099986095
0.1,1,1,2,umbrella,0.100041354
0.1,1,1,2,em_tskew,0.099986095
0.1,1,1,2,em_t,0.099986095
0.1,1,1,3,cloudy,0.099986095
0.1,1,1,3,umbrella,0.099986095
0.1,1,1,3,em_tskew,0.099986095
0.1,1,1,3,em_t,0.099986095
0.1,1,2,1,cloudy,0.099986095
0.1,1,2,1,umbrella,0.099986095
0.1,1,2,1,em_tskew,0.099986095
0.1,1,2,1,em_t,0.099986095
0.1,1,2,2,cloudy,0.099986095
0.1,1,2,2,umbrella,0.100041354
0.1,1,2,2,em_tskew,0.099986095
0.1,1,2,2,em_t,0.099986095
0.1,1,2,3,cloudy,0.099986095
0.1,1,2,3,umbrella,0.100096617
0.1,1,2,3,em_tskew,0.099986095
0.1,1,2,3,em_t,0.099986095
0.1,1,3,1,cloudy,0.099986095
0.1,1,3,1,umbrella,0.099986095
0.1,1,3,1,em_tskew,0.099986095
0.1,1,3,1,em_t,0.099986095
0.1,1,3,2,cloudy,0.099986095
0.1,1,3,2,umbrella,0.099986095
0.1,1,3,2,em_tskew,0.099986095
0.1,1,3,2,em_t,0.099986095
0.1,1,3,3,cloudy,0.099986095
0.1,1,3,3,umbrella,0.100317697
0.1,1,3,3,em_tskew,0.099986095
0.1,1,3,3,em_t,0.099986095
0.1,1,4,1,cloudy,0.099986095
0.1,1,4,1,umbrella,0.099986095
0.1,1,4,1,em_tskew,0.099986095
0.1,1,4,1,em_t,0.099986095
0.1,1,4,2,cloudy,0.099986095
0.1,1,4,2,umbrella,0.100041354
0.1,1,4,2,em_tskew,0.099986095
0.1,1,4,2,em_t,0.099986095
0.1,1,4,3,cloudy,0.099986095
0.1,1,4,3,umbrella,0.099986095
0.1,1,4,3,em_tskew,0.099986095
0.1,1,4,3,em_t,0.099986095
0.1,1,5,1,cloudy,0.099986095
0.1,1,5,1,umbrella,0.099986095
0.1,1,5,1,em_tskew,0.099986095
0.1,1,5,1,em_t,0.099986095
0.1,1,5,2,cloudy,0.099986095
0.1,1,5,2,umbrella,0.099986095
0.1,1,5,2,em_tskew,0.099986095
0.1,1,5,2,em_t,0.099986095
0.1,1,5,3,cloudy,0.099986095
0.1,1,5,3,umbrella,0.099986095
0.1,1,5,3,em_tskew,0.099986095
0.1,1,5,3,em_t,0.099986095
0.1,2,1,1,cloudy,0.097116811
0.1,2,1,1,umbrella,0.099930839
0.1,2,1,1,em_tskew,0.09943367
0.1,2,1,1,em_t,0.099378444
0.1,2,1,2,cloudy,0.098495247
0.1,2,1,2,umbrella,0.099820335
0.1,2,1,2,em_tskew,0.099102361
0.1,2,1,2,em_t,0.099047154
0.1,2,1,3,cloudy,0.095795297
0.1,2,1,3,umbrella,0.099654603
0.1,2,1,3,em_tskew,0.099378444
0.1,2,1,3,em_t,0.099212785
0.1,2,2,1,cloudy,0.099323221
0.1,2,2,1,umbrella,0.100041354
0.1,2,2,1,em_tskew,0.09943367
0.1,2,2,1,em_t,0.099323221
0.1,2,2,2,cloudy,0.098164249
0.1,2,2,2,umbrella,0.100317697
0.1,2,2,2,em_tskew,0.099157572
0.1,2,2,2,em_t,0.099102361
0.1,2,2,3,cloudy,0.097282123
0.1,2,2,3,umbrella,0.101755909
0.1,2,2,3,em_tskew,0.098936748
0.1,2,2,3,em_t,0.098936748
0.1,2,3,1,cloudy,#NUM!
0.1,2,3,1,umbrella,0
0.1,2,3,1,em_tskew,0.000250094
0.1,2,3,1,em_t,2.147470351
0.1,2,3,2,cloudy,#NUM!
0.1,2,3,2,umbrella,0
0.1,2,3,2,em_tskew,0
0.1,2,3,2,em_t,1.95167819
0.1,2,3,3,cloudy,#NUM!
0.1,2,3,3,umbrella,0
0.1,2,3,3,em_tskew,6.684361696
0.1,2,3,3,em_t,2.834214095
0.1,2,4,1,cloudy,0.09629066
0.1,2,4,1,umbrella,0.099654603
0.1,2,4,1,em_tskew,0.099157572
0.1,2,4,1,em_t,0.099102361
0.1,2,4,2,cloudy,0.098219408
0.1,2,4,2,umbrella,0.099820335
0.1,2,4,2,em_tskew,0.09954413
0.1,2,4,2,em_t,0.099488899
0.1,2,4,3,cloudy,0.098219408
0.1,2,4,3,umbrella,0.099820335
0.1,2,4,3,em_tskew,0.099323221
0.1,2,4,3,em_t,0.099323221
0.1,2,5,1,cloudy,0.098440073
0.1,2,5,1,umbrella,0.09943367
0.1,2,5,1,em_tskew,0.09943367
0.1,2,5,1,em_t,0.09943367
0.1,2,5,2,cloudy,0.096896437
0.1,2,5,2,umbrella,0.099820335
0.1,2,5,2,em_tskew,0.099268002
0.1,2,5,2,em_t,0.099212785
0.1,2,5,3,cloudy,0.09954413
0.1,2,5,3,umbrella,0.09954413
0.1,2,5,3,em_tskew,0.09943367
0.1,2,5,3,em_t,0.09943367
0.1,3,1,1,cloudy,0.091512401
0.1,3,1,1,umbrella,0.102697398
0.1,3,1,1,em_tskew,0.097061713
0.1,3,1,1,em_t,0.097227016
0.1,3,1,2,cloudy,0.082621029
0.1,3,1,2,umbrella,0.09805394
0.1,3,1,2,em_tskew,0.095850326
0.1,3,1,2,em_t,0.0965109
0.1,3,1,3,cloudy,0.092883127
0.1,3,1,3,umbrella,0.098771162
0.1,3,1,3,em_tskew,0.096180558
0.1,3,1,3,em_t,0.096786269
0.1,3,2,1,cloudy,0.086211697
0.1,3,2,1,umbrella,0.101534511
0.1,3,2,1,em_tskew,0.096841351
0.1,3,2,1,em_t,0.097392346
0.1,3,2,2,cloudy,0.08349031
0.1,3,2,2,umbrella,0.102254234
0.1,3,2,2,em_tskew,0.096786269
0.1,3,2,2,em_t,0.096896437
0.1,3,2,3,cloudy,0.081969563
0.1,3,2,3,umbrella,0.099102361
0.1,3,2,3,em_tskew,0.096400774
0.1,3,2,3,em_t,0.097447462
0.1,3,3,1,cloudy,0.080451124
0.1,3,3,1,umbrella,0.101866626
0.1,3,3,1,em_tskew,0.096841351
0.1,3,3,1,em_t,0.097447462
0.1,3,3,2,cloudy,0.09530018
0.1,3,3,2,umbrella,0.096786269
0.1,3,3,2,em_tskew,0.096896437
0.1,3,3,2,em_t,0.097282123
0.1,3,3,3,cloudy,0.083272919
0.1,3,3,3,umbrella,0.098715973
0.1,3,3,3,em_tskew,0.096455836
0.1,3,3,3,em_t,0.096565968
0.1,3,4,1,cloudy,0.084523565
0.1,3,4,1,umbrella,0.097667957
0.1,3,4,1,em_tskew,0.096455836
0.1,3,4,1,em_t,0.096676112
0.1,3,4,2,cloudy,0.093926138
0.1,3,4,2,umbrella,0.099212785
0.1,3,4,2,em_tskew,0.09629066
0.1,3,4,2,em_t,0.096565968
0.1,3,4,3,cloudy,0.08349031
0.1,3,4,3,umbrella,0.105027238
0.1,3,4,3,em_tskew,0.097006618
0.1,3,4,3,em_t,0.097171912
0.1,3,5,1,cloudy,0.080288571
0.1,3,5,1,umbrella,0.101755909
0.1,3,5,1,em_tskew,0.096841351
0.1,3,5,1,em_t,0.097171912
0.1,3,5,2,cloudy,0.090526639
0.1,3,5,2,umbrella,0.099157572
0.1,3,5,2,em_tskew,0.096235608
0.1,3,5,2,em_t,0.096565968
0.1,3,5,3,cloudy,0.093541744
0.1,3,5,3,umbrella,0.100262422
0.1,3,5,3,em_tskew,0.096345716
0.1,3,5,3,em_t,0.096841351
0.1,4,1,1,cloudy,0.088121083
0.1,4,1,1,umbrella,0.099930839
0.1,4,1,1,em_tskew,0.091128933
0.1,4,1,1,em_t,0.092499134
0.1,4,1,2,cloudy,0.08213239
0.1,4,1,2,umbrella,0.101700555
0.1,4,1,2,em_tskew,0.089924708
0.1,4,1,2,em_t,0.091731591
0.1,4,1,3,cloudy,0.080126044
0.1,4,1,3,umbrella,0.095795297
0.1,4,1,3,em_tskew,0.090855118
0.1,4,1,3,em_t,0.09145761
0.1,4,2,1,cloudy,0.072355662
0.1,4,2,1,umbrella,0.098495247
0.1,4,2,1,em_tskew,0.089432487
0.1,4,2,1,em_t,0.090745613
0.1,4,2,2,cloudy,0.087084107
0.1,4,2,2,umbrella,0.096731189
0.1,4,2,2,em_tskew,0.090471903
0.1,4,2,2,em_t,0.091841204
0.1,4,2,3,cloudy,0.068385913
0.1,4,2,3,umbrella,0.094365626
0.1,4,2,3,em_tskew,0.092170115
0.1,4,2,3,em_t,0.093157498
0.1,4,3,1,cloudy,0.076179347
0.1,4,3,1,umbrella,0.0927734
0.1,4,3,1,em_tskew,0.091019398
0.1,4,3,1,em_t,0.091950829
0.1,4,3,2,cloudy,0.072947108
0.1,4,3,2,umbrella,0.093541744
0.1,4,3,2,em_tskew,0.090855118
0.1,4,3,2,em_t,0.091731591
0.1,4,3,3,cloudy,0.07015426
0.1,4,3,3,umbrella,0.099765088
0.1,4,3,3,em_tskew,0.090252989
0.1,4,3,3,em_t,0.090964635
0.1,4,4,1,cloudy,0.086320706
0.1,4,4,1,umbrella,0.096400774
0.1,4,4,1,em_tskew,0.089760607
0.1,4,4,1,em_t,0.090745613
0.1,4,4,2,cloudy,0.088503399
0.1,4,4,2,umbrella,0.093431945
0.1,4,4,2,em_tskew,0.091128933
0.1,4,4,2,em_t,0.093212382
0.1,4,4,3,cloudy,0.074669668
0.1,4,4,3,umbrella,0.094200795
0.1,4,4,3,em_tskew,0.089323138
0.1,4,4,3,em_t,0.089815304
0.1,4,5,1,cloudy,0.07197947
0.1,4,5,1,umbrella,0.098936748
0.1,4,5,1,em_tskew,0.09036244
0.1,4,5,1,em_t,0.09244429
0.1,4,5,2,cloudy,0.068600091
0.1,4,5,2,umbrella,0.097723089
0.1,4,5,2,em_tskew,0.090526639
0.1,4,5,2,em_t,0.09162199
0.1,4,5,3,cloudy,0.084251552
0.1,4,5,3,umbrella,0.099654603
0.1,4,5,3,em_tskew,0.092115289
0.1,4,5,3,em_t,0.09376138
0.4,1,1,1,cloudy,0.400029906
0.4,1,1,1,umbrella,0.400029906
0.4,1,1,1,em_tskew,0.400029906
0.4,1,1,1,em_t,0.400029906
0.4,1,1,2,cloudy,0.400029906
0.4,1,1,2,umbrella,0.400029906
0.4,1,1,2,em_tskew,0.400029906
0.4,1,1,2,em_t,0.400029906
0.4,1,1,3,cloudy,0.400029906
0.4,1,1,3,umbrella,0.400029906
0.4,1,1,3,em_tskew,0.400029906
0.4,1,1,3,em_t,0.400029906
0.4,1,2,1,cloudy,0.400029906
0.4,1,2,1,umbrella,0.403018104
0.4,1,2,1,em_tskew,0.400029906
0.4,1,2,1,em_t,0.400029906
0.4,1,2,2,cloudy,0.400029906
0.4,1,2,2,umbrella,0.400029906
0.4,1,2,2,em_tskew,0.400029906
0.4,1,2,2,em_t,0.400029906
0.4,1,2,3,cloudy,0.400029906
0.4,1,2,3,umbrella,0.400104502
0.4,1,2,3,em_tskew,0.400029906
0.4,1,2,3,em_t,0.400029906
0.4,1,3,1,cloudy,0.400029906
0.4,1,3,1,umbrella,0.400701472
0.4,1,3,1,em_tskew,0.400029906
0.4,1,3,1,em_t,0.400029906
0.4,1,3,2,cloudy,0.400029906
0.4,1,3,2,umbrella,0.400029906
0.4,1,3,2,em_tskew,0.400029906
0.4,1,3,2,em_t,0.400029906
0.4,1,3,3,cloudy,0.400029906
0.4,1,3,3,umbrella,0.400029906
0.4,1,3,3,em_tskew,0.400029906
0.4,1,3,3,em_t,0.400029906
0.4,1,4,1,cloudy,0.400029906
0.4,1,4,1,umbrella,0.400029906
0.4,1,4,1,em_tskew,0.400029906
0.4,1,4,1,em_t,0.400029906
0.4,1,4,2,cloudy,0.400029906
0.4,1,4,2,umbrella,0.400029906
0.4,1,4,2,em_tskew,0.400029906
0.4,1,4,2,em_t,0.400029906
0.4,1,4,3,cloudy,0.400029906
0.4,1,4,3,umbrella,0.400029906
0.4,1,4,3,em_tskew,0.400029906
0.4,1,4,3,em_t,0.400029906
0.4,1,5,1,cloudy,0.400029906
0.4,1,5,1,umbrella,0.400029906
0.4,1,5,1,em_tskew,0.400029906
0.4,1,5,1,em_t,0.400029906
0.4,1,5,2,cloudy,0.400029906
0.4,1,5,2,umbrella,0.400029906
0.4,1,5,2,em_tskew,0.400029906
0.4,1,5,2,em_t,0.400029906
0.4,1,5,3,cloudy,0.400029906
0.4,1,5,3,umbrella,0.400104502
0.4,1,5,3,em_tskew,0.400029906
0.4,1,5,3,em_t,0.400029906
0.4,2,1,1,cloudy,0.394747745
0.4,2,1,1,umbrella,0.403841427
0.4,2,1,1,em_tskew,0.397124984
0.4,2,1,1,em_t,0.396753168
0.4,2,1,2,cloudy,0.392450171
0.4,2,1,2,umbrella,0.399657008
0.4,2,1,2,em_tskew,0.396455814
0.4,2,1,2,em_t,0.395861372
0.4,2,1,3,cloudy,0.394821948
0.4,2,1,3,umbrella,0.398539148
0.4,2,1,3,em_tskew,0.397571346
0.4,2,1,3,em_t,0.397273749
0.4,2,2,1,cloudy,0.394006015
0.4,2,2,1,umbrella,0.398539148
0.4,2,2,1,em_tskew,0.397422536
0.4,2,2,1,em_t,0.396381489
0.4,2,2,2,cloudy,0.392450171
0.4,2,2,2,umbrella,0.399507888
0.4,2,2,2,em_tskew,0.398092354
0.4,2,2,2,em_t,0.397199364
0.4,2,2,3,cloudy,0.392228105
0.4,2,2,3,umbrella,0.397720178
0.4,2,2,3,em_tskew,0.39682752
0.4,2,2,3,em_t,0.395861372
0.4,2,3,1,cloudy,0.393931872
0.4,2,3,1,umbrella,0.400626831
0.4,2,3,1,em_tskew,0.397496938
0.4,2,3,1,em_t,0.39682752
0.4,2,3,2,cloudy,0.394080163
0.4,2,3,2,umbrella,0.398092354
0.4,2,3,2,em_tskew,0.396678821
0.4,2,3,2,em_t,0.396381489
0.4,2,3,3,cloudy,0.393635356
0.4,2,3,3,umbrella,0.399507888
0.4,2,3,3,em_tskew,0.397794602
0.4,2,3,3,em_t,0.396455814
0.4,2,4,1,cloudy,0.392894451
0.4,2,4,1,umbrella,0.398166806
0.4,2,4,1,em_tskew,0.397124984
0.4,2,4,1,em_t,0.39630717
0.4,2,4,2,cloudy,0.394154317
0.4,2,4,2,umbrella,0.398837122
0.4,2,4,2,em_tskew,0.397422536
0.4,2,4,2,em_t,0.39660448
0.4,2,4,3,cloudy,0.394376811
0.4,2,4,3,umbrella,0.399284249
0.4,2,4,3,em_tskew,0.397720178
0.4,2,4,3,em_t,0.39682752
0.4,2,5,1,cloudy,0.392968517
0.4,2,5,1,umbrella,0.402943291
0.4,2,5,1,em_tskew,0.39682752
0.4,2,5,1,em_t,0.396084246
0.4,2,5,2,cloudy,0.393487131
0.4,2,5,2,umbrella,0.400925428
0.4,2,5,2,em_tskew,0.39705061
0.4,2,5,2,em_t,0.39630717
0.4,2,5,3,cloudy,0.393931872
0.4,2,5,3,umbrella,0.39906066
0.4,2,5,3,em_tskew,0.397422536
0.4,2,5,3,em_t,0.396678821
0.4,3,1,1,cloudy,0.372151229
0.4,3,1,1,umbrella,0.392228105
0.4,3,1,1,em_tskew,0.388386777
0.4,3,1,1,em_t,0.389345726
0.4,3,1,2,cloudy,0.365355367
0.4,3,1,2,umbrella,0.395638547
0.4,3,1,2,em_tskew,0.386913263
0.4,3,1,2,em_t,0.389493339
0.4,3,1,3,cloudy,0.371281096
0.4,3,1,3,umbrella,0.397720178
0.4,3,1,3,em_tskew,0.38941953
0.4,3,1,3,em_t,0.391340334
0.4,3,2,1,cloudy,0.37258658
0.4,3,2,1,umbrella,0.395787092
0.4,3,2,1,em_tskew,0.388607991
0.4,3,2,1,em_t,0.390527236
0.4,3,2,2,cloudy,0.372078689
0.4,3,2,2,umbrella,0.39906066
0.4,3,2,2,em_tskew,0.390379471
0.4,3,2,2,em_t,0.392968517
0.4,3,2,3,cloudy,0.37353049
0.4,3,2,3,umbrella,0.393709477
0.4,3,2,3,em_tskew,0.386250889
0.4,3,2,3,em_t,0.38868174
0.4,3,3,1,cloudy,0.367952584
0.4,3,3,1,umbrella,0.402344981
0.4,3,3,1,em_tskew,0.386692423
0.4,3,3,1,em_t,0.389271928
0.4,3,3,2,cloudy,0.37099122
0.4,3,3,2,umbrella,0.400029906
0.4,3,3,2,em_tskew,0.387134151
0.4,3,3,2,em_t,0.389124349
0.4,3,3,3,cloudy,0.372151229
0.4,3,3,3,umbrella,0.394080163
0.4,3,3,3,em_tskew,0.3878708
0.4,3,3,3,em_t,0.390157864
0.4,3,4,1,cloudy,0.373748442
0.4,3,4,1,umbrella,0.394821948
0.4,3,4,1,em_tskew,0.388829254
0.4,3,4,1,em_t,0.390822831
0.4,3,4,2,cloudy,0.370556564
0.4,3,4,2,umbrella,0.395638547
0.4,3,4,2,em_tskew,0.387723427
0.4,3,4,2,em_t,0.389271928
0.4,3,4,3,cloudy,0.368602943
0.4,3,4,3,umbrella,0.394896157
0.4,3,4,3,em_tskew,0.386324465
0.4,3,4,3,em_t,0.389345726
0.4,3,5,1,cloudy,0.370339306
0.4,3,5,1,umbrella,0.411055706
0.4,3,5,1,em_tskew,0.3880919
0.4,3,5,1,em_t,0.390527236
0.4,3,5,2,cloudy,0.371208619
0.4,3,5,2,umbrella,0.404965233
0.4,3,5,2,em_tskew,0.388755495
0.4,3,5,2,em_t,0.390305596
0.4,3,5,3,cloudy,0.36838611
0.4,3,5,3,umbrella,0.400701472
0.4,3,5,3,em_tskew,0.388386777
0.4,3,5,3,em_t,0.389198136
0.4,4,1,1,cloudy,0.342349474
0.4,4,1,1,umbrella,0.387281438
0.4,4,1,1,em_tskew,0.367374841
0.4,4,1,1,em_t,0.370122096
0.4,4,1,2,cloudy,0.338835026
0.4,4,1,2,umbrella,0.372949516
0.4,4,1,2,em_tskew,0.366436721
0.4,4,1,2,em_t,0.369687817
0.4,4,1,3,cloudy,0.329198753
0.4,4,1,3,umbrella,0.3878708
0.4,4,1,3,em_tskew,0.369036751
0.4,4,1,3,em_t,0.37353049
0.4,4,2,1,cloudy,0.331216074
0.4,4,2,1,umbrella,0.391044585
0.4,4,2,1,em_tskew,0.362118304
0.4,4,2,1,em_t,0.368458382
0.4,4,2,2,cloudy,0.339466716
0.4,4,2,2,umbrella,0.393116665
0.4,4,2,2,em_tskew,0.368892128
0.4,4,2,2,em_t,0.372006154
0.4,4,2,3,cloudy,0.339115728
0.4,4,2,3,umbrella,0.394821948
0.4,4,2,3,em_tskew,0.36607614
0.4,4,2,3,em_t,0.369977315
0.4,4,3,1,cloudy,0.337993393
0.4,4,3,1,umbrella,0.381626519
0.4,4,3,1,em_tskew,0.363627629
0.4,4,3,1,em_t,0.367663671
0.4,4,3,2,cloudy,0.339326306
0.4,4,3,2,umbrella,0.385221402
0.4,4,3,2,em_tskew,0.367735891
0.4,4,3,2,em_t,0.371136148
0.4,4,3,3,cloudy,0.339677368
0.4,4,3,3,umbrella,0.370266897
0.4,4,3,3,em_tskew,0.368024825
0.4,4,3,3,em_t,0.369760183
0.4,4,4,1,cloudy,0.340098805
0.4,4,4,1,umbrella,0.401971219
0.4,4,4,1,em_tskew,0.367663671
0.4,4,4,1,em_t,0.369470748
0.4,4,4,2,cloudy,0.336172282
0.4,4,4,2,umbrella,0.380967637
0.4,4,4,2,em_tskew,0.365787768
0.4,4,4,2,em_t,0.369109071
0.4,4,4,3,cloudy,0.338835026
0.4,4,4,3,umbrella,0.395712817
0.4,4,4,3,em_tskew,0.363987329
0.4,4,4,3,em_t,0.367158274
0.4,4,5,1,cloudy,0.336662255
0.4,4,5,1,umbrella,0.378044513
0.4,4,5,1,em_tskew,0.368458382
0.4,4,5,1,em_t,0.371208619
0.4,4,5,2,cloudy,0.341223506
0.4,4,5,2,umbrella,0.409322538
0.4,4,5,2,em_tskew,0.367374841
0.4,4,5,2,em_t,0.371136148
0.4,4,5,3,cloudy,0.339677368
0.4,4,5,3,umbrella,0.41143288
0.4,4,5,3,em_tskew,0.366436721
0.4,4,5,3,em_t,0.371063681
1,1,1,1,cloudy,0.999944117
1,1,1,1,umbrella,0.999944117
1,1,1,1,em_tskew,0.999944117
1,1,1,1,em_t,0.999944117
1,1,1,2,cloudy,0.999944117
1,1,1,2,umbrella,1.000215967
1,1,1,2,em_tskew,0.999944117
1,1,1,2,em_t,0.999944117
1,1,1,3,cloudy,0.999944117
1,1,1,3,umbrella,0.999944117
1,1,1,3,em_tskew,0.999944117
1,1,1,3,em_t,0.999944117
1,1,2,1,cloudy,0.999944117
1,1,2,1,umbrella,0.999944117
1,1,2,1,em_tskew,0.999944117
1,1,2,1,em_t,0.999944117
1,1,2,2,cloudy,0.999944117
1,1,2,2,umbrella,0.999944117
1,1,2,2,em_tskew,0.999944117
1,1,2,2,em_t,0.999944117
1,1,2,3,cloudy,0.999944117
1,1,2,3,umbrella,0.999944117
1,1,2,3,em_tskew,0.999944117
1,1,2,3,em_t,0.999944117
1,1,3,1,cloudy,0.999944117
1,1,3,1,umbrella,1.000080033
1,1,3,1,em_tskew,0.999944117
1,1,3,1,em_t,0.999944117
1,1,3,2,cloudy,0.999944117
1,1,3,2,umbrella,0.999944117
1,1,3,2,em_tskew,0.999944117
1,1,3,2,em_t,0.999944117
1,1,3,3,cloudy,0.999944117
1,1,3,3,umbrella,0.999944117
1,1,3,3,em_tskew,0.999944117
1,1,3,3,em_t,0.999944117
1,1,4,1,cloudy,0.999944117
1,1,4,1,umbrella,0.999944117
1,1,4,1,em_tskew,0.999944117
1,1,4,1,em_t,0.999944117
1,1,4,2,cloudy,0.999944117
1,1,4,2,umbrella,1.000080033
1,1,4,2,em_tskew,0.999944117
1,1,4,2,em_t,0.999944117
1,1,4,3,cloudy,0.999944117
1,1,4,3,umbrella,0.999944117
1,1,4,3,em_tskew,0.999944117
1,1,4,3,em_t,0.999944117
1,1,5,1,cloudy,0.999944117
1,1,5,1,umbrella,0.999944117
1,1,5,1,em_tskew,0.999944117
1,1,5,1,em_t,0.999944117
1,1,5,2,cloudy,0.999944117
1,1,5,2,umbrella,0.999944117
1,1,5,2,em_tskew,0.999944117
1,1,5,2,em_t,0.999944117
1,1,5,3,cloudy,0.999944117
1,1,5,3,umbrella,1.001304106
1,1,5,3,em_tskew,0.999944117
1,1,5,3,em_t,0.999944117
1,2,1,1,cloudy,0.982697664
1,2,1,1,umbrella,0.99398204
1,2,1,1,em_tskew,0.991553216
1,2,1,1,em_t,0.989130278
1,2,1,2,cloudy,0.981763022
1,2,1,2,umbrella,0.996958635
1,2,1,2,em_tskew,0.993036796
1,2,1,2,em_t,0.989937272
1,2,1,3,cloudy,0.981896489
1,2,1,3,umbrella,0.993711879
1,2,1,3,em_tskew,0.991283711
1,2,1,3,em_t,0.989668202
1,2,2,1,cloudy,0.980962595
1,2,2,1,umbrella,1.001168024
1,2,2,1,em_tskew,0.992227298
1,2,2,1,em_t,0.989802728
1,2,2,2,cloudy,0.983766897
1,2,2,2,umbrella,0.99546923
1,2,2,2,em_tskew,0.992227298
1,2,2,2,em_t,0.99047563
1,2,2,3,cloudy,0.982029974
1,2,2,3,umbrella,0.996281358
1,2,2,3,em_tskew,0.992631965
1,2,2,3,em_t,0.990341013
1,2,3,1,cloudy,0.982430534
1,2,3,1,umbrella,0.997907595
1,2,3,1,em_tskew,0.993171776
1,2,3,1,em_t,0.990879589
1,2,3,2,cloudy,0.984301942
1,2,3,2,umbrella,0.997771974
1,2,3,2,em_tskew,0.994252273
1,2,3,2,em_t,0.992227298
1,2,3,3,cloudy,0.980562622
1,2,3,3,umbrella,0.99479296
1,2,3,3,em_tskew,0.99398204
1,2,3,3,em_t,0.991283711
1,2,4,1,cloudy,0.982697664
1,2,4,1,umbrella,0.998993224
1,2,4,1,em_tskew,0.993711879
1,2,4,1,em_t,0.991553216
1,2,4,2,cloudy,0.982964865
1,2,4,2,umbrella,0.997500787
1,2,4,2,em_tskew,0.992092445
1,2,4,2,em_t,0.989937272
1,2,4,3,cloudy,0.98256409
1,2,4,3,umbrella,0.997094145
1,2,4,3,em_tskew,0.993306775
1,2,4,3,em_t,0.990341013
1,2,5,1,cloudy,0.984837274
1,2,5,1,umbrella,0.993306775
1,2,5,1,em_tskew,0.994252273
1,2,5,1,em_t,0.992092445
1,2,5,2,cloudy,0.983232138
1,2,5,2,umbrella,0.994928177
1,2,5,2,em_tskew,0.993711879
1,2,5,2,em_t,0.991687996
1,2,5,3,cloudy,0.984034384
1,2,5,3,umbrella,0.997771974
1,2,5,3,em_tskew,0.992497058
1,2,5,3,em_t,0.990744918
1,3,1,1,cloudy,0.927857368
1,3,1,1,umbrella,0.977102871
1,3,1,1,em_tskew,0.971142983
1,3,1,1,em_t,0.979230532
1,3,1,2,cloudy,0.920424263
1,3,1,2,umbrella,0.967715614
1,3,1,2,em_tskew,0.969955256
1,3,1,2,em_t,0.976306164
1,3,1,3,cloudy,0.920298753
1,3,1,3,umbrella,0.983365801
1,3,1,3,em_tskew,0.967978841
1,3,1,3,em_t,0.976438905
1,3,2,1,cloudy,0.92874294
1,3,2,1,umbrella,0.976571663
1,3,2,1,em_tskew,0.969691509
1,3,2,1,em_t,0.978565151
1,3,2,2,cloudy,0.919420625
1,3,2,2,umbrella,0.974847181
1,3,2,2,em_tskew,0.969296017
1,3,2,2,em_t,0.977767279
1,3,2,3,cloudy,0.918167492
1,3,2,3,umbrella,0.984569573
1,3,2,3,em_tskew,0.971935586
1,3,2,3,em_t,0.97909742
1,3,3,1,cloudy,0.919295241
1,3,3,1,umbrella,0.975510092
1,3,3,1,em_tskew,0.968505503
1,3,3,1,em_t,0.976704438
1,3,3,2,cloudy,0.928616382
1,3,3,2,umbrella,0.980829253
1,3,3,2,em_tskew,0.971407114
1,3,3,2,em_t,0.975908049
1,3,3,3,cloudy,0.927604492
1,3,3,3,umbrella,0.977501463
1,3,3,3,em_tskew,0.975908049
1,3,3,3,em_t,0.984569573
1,3,4,1,cloudy,0.92092646
1,3,4,1,umbrella,0.979496808
1,3,4,1,em_tskew,0.970746918
1,3,4,1,em_t,0.979230532
1,3,4,2,cloudy,0.918543267
1,3,4,2,umbrella,0.980562622
1,3,4,2,em_tskew,0.963251321
1,3,4,2,em_t,0.975642726
1,3,4,3,cloudy,0.925079238
1,3,4,3,umbrella,0.972199926
1,3,4,3,em_tskew,0.976040736
1,3,4,3,em_t,0.982163476
1,3,5,1,cloudy,0.923441236
1,3,5,1,umbrella,0.971803442
1,3,5,1,em_tskew,0.969691509
1,3,5,1,em_t,0.976040736
1,3,5,2,cloudy,0.922811949
1,3,5,2,umbrella,0.972861083
1,3,5,2,em_tskew,0.97127504
1,3,5,2,em_t,0.979629972
1,3,5,3,cloudy,0.930896884
1,3,5,3,umbrella,0.973390324
1,3,5,3,em_tskew,0.972199926
1,3,5,3,em_t,0.978964326
1,4,1,1,cloudy,0.798396591
1,4,1,1,umbrella,1.433595634
1,4,1,1,em_tskew,0.912049738
1,4,1,1,em_t,0.918919183
1,4,1,2,cloudy,0.817577259
1,4,1,2,umbrella,1.485893726
1,4,1,2,em_tskew,0.917041013
1,4,1,2,em_t,0.92874294
1,4,1,3,cloudy,0.810805224
1,4,1,3,umbrella,0.920424263
1,4,1,3,em_tskew,0.914167986
1,4,1,3,em_t,0.92444892
1,4,2,1,cloudy,0.802627281
1,4,2,1,umbrella,1.490322432
1,4,2,1,em_tskew,0.911427576
1,4,2,1,em_t,0.92545762
1,4,2,2,cloudy,0.810805224
1,4,2,2,umbrella,0.962989335
1,4,2,2,em_tskew,0.917541514
1,4,2,2,em_t,0.930770053
1,4,2,3,cloudy,0.805084834
1,4,2,3,umbrella,1.427950036
1,4,2,3,em_tskew,0.913295223
1,4,2,3,em_t,0.92545762
1,4,3,1,cloudy,0.825764705
1,4,3,1,umbrella,0.913419857
1,4,3,1,em_tskew,0.915915802
1,4,3,1,em_t,0.932801284
1,4,3,2,cloudy,0.809119357
1,4,3,2,umbrella,0.948943064
1,4,3,2,em_tskew,0.911427576
1,4,3,2,em_t,0.921805913
1,4,3,3,cloudy,0.812381268
1,4,3,3,umbrella,0.914916676
1,4,3,3,em_tskew,0.918167492
1,4,3,3,em_t,0.929629296
1,4,4,1,cloudy,0.814298382
1,4,4,1,umbrella,1.366491734
1,4,4,1,em_tskew,0.910184413
1,4,4,1,em_t,0.926088574
1,4,4,2,cloudy,0.798841085
1,4,4,2,umbrella,1.449873343
1,4,4,2,em_tskew,0.899187824
1,4,4,2,em_t,0.926088574
1,4,4,3,cloudy,0.81181811
1,4,4,3,umbrella,0.915041512
1,4,4,3,em_tskew,0.910930126
1,4,4,3,em_t,0.92545762
1,4,5,1,cloudy,0.804525769
1,4,5,1,umbrella,1.509366359
1,4,5,1,em_tskew,0.91130319
1,4,5,1,em_t,0.92444892
1,4,5,2,cloudy,0.810018132
1,4,5,2,umbrella,0.927857368
1,4,5,2,em_tskew,0.911800827
1,4,5,2,em_t,0.91967144
1,4,5,3,cloudy,0.816106088
1,4,5,3,umbrella,0.97458214
1,4,5,3,em_tskew,0.914542261
1,4,5,3,em_t,0.926719927
2.5,1,1,1,cloudy,2.499817263
2.5,1,1,1,umbrella,2.499817263
2.5,1,1,1,em_tskew,2.499817263
2.5,1,1,1,em_t,2.499817263
2.5,1,1,2,cloudy,2.499817263
2.5,1,1,2,umbrella,2.499817263
2.5,1,1,2,em_tskew,2.499817263
2.5,1,1,2,em_t,2.499817263
2.5,1,1,3,cloudy,2.499817263
2.5,1,1,3,umbrella,2.499817263
2.5,1,1,3,em_tskew,2.499817263
2.5,1,1,3,em_t,2.499817263
2.5,1,2,1,cloudy,2.499817263
2.5,1,2,1,umbrella,2.499817263
2.5,1,2,1,em_tskew,2.499817263
2.5,1,2,1,em_t,2.499817263
2.5,1,2,2,cloudy,2.499817263
2.5,1,2,2,umbrella,2.502256288
2.5,1,2,2,em_tskew,2.499817263
2.5,1,2,2,em_t,2.499817263
2.5,1,2,3,cloudy,2.499817263
2.5,1,2,3,umbrella,2.499817263
2.5,1,2,3,em_tskew,2.499817263
2.5,1,2,3,em_t,2.499817263
2.5,1,3,1,cloudy,2.499817263
2.5,1,3,1,umbrella,2.511455985
2.5,1,3,1,em_tskew,2.499817263
2.5,1,3,1,em_t,2.499817263
2.5,1,3,2,cloudy,2.499817263
2.5,1,3,2,umbrella,2.50531346
2.5,1,3,2,em_tskew,2.499817263
2.5,1,3,2,em_t,2.499817263
2.5,1,3,3,cloudy,2.499817263
2.5,1,3,3,umbrella,2.540207966
2.5,1,3,3,em_tskew,2.499817263
2.5,1,3,3,em_t,2.499817263
2.5,1,4,1,cloudy,2.499817263
2.5,1,4,1,umbrella,2.502866975
2.5,1,4,1,em_tskew,2.499817263
2.5,1,4,1,em_t,2.499817263
2.5,1,4,2,cloudy,2.499817263
2.5,1,4,2,umbrella,2.499817263
2.5,1,4,2,em_tskew,2.499817263
2.5,1,4,2,em_t,2.499817263
2.5,1,4,3,cloudy,2.499817263
2.5,1,4,3,umbrella,2.50531346
2.5,1,4,3,em_tskew,2.499817263
2.5,1,4,3,em_t,2.499817263
2.5,1,5,1,cloudy,2.499817263
2.5,1,5,1,umbrella,2.504701277
2.5,1,5,1,em_tskew,2.499817263
2.5,1,5,1,em_t,2.499817263
2.5,1,5,2,cloudy,2.499817263
2.5,1,5,2,umbrella,2.501036032
2.5,1,5,2,em_tskew,2.499817263
2.5,1,5,2,em_t,2.499817263
2.5,1,5,3,cloudy,2.499817263
2.5,1,5,3,umbrella,2.499817263
2.5,1,5,3,em_tskew,2.499817263
2.5,1,5,3,em_t,2.499817263
2.5,2,1,1,cloudy,2.434974281
2.5,2,1,1,umbrella,2.538307427
2.5,2,1,1,em_tskew,2.466870287
2.5,2,1,1,em_t,2.443572786
2.5,2,1,2,cloudy,2.416313858
2.5,2,1,2,umbrella,0.437730069
2.5,2,1,2,em_tskew,2.450505223
2.5,2,1,2,em_t,2.42871537
2.5,2,1,3,cloudy,2.439550948
2.5,2,1,3,umbrella,2.561355822
2.5,2,1,3,em_tskew,2.468049533
2.5,2,1,3,em_t,2.447032997
2.5,2,2,1,cloudy,2.452245868
2.5,2,2,1,umbrella,0.442466286
2.5,2,2,1,em_tskew,2.467459736
2.5,2,2,1,em_t,2.45457145
2.5,2,2,2,cloudy,2.441272613
2.5,2,2,2,umbrella,2.514541455
2.5,2,2,2,em_tskew,2.47278047
2.5,2,2,2,em_t,2.452826756
2.5,2,2,3,cloudy,2.430986808
2.5,2,2,3,umbrella,2.522608517
2.5,2,2,3,em_tskew,2.449925681
2.5,2,2,3,em_t,2.433263417
2.5,2,3,1,cloudy,2.438977718
2.5,2,3,1,umbrella,0.441532797
2.5,2,3,1,em_tskew,2.473373414
2.5,2,3,1,em_t,2.452245868
2.5,2,3,2,cloudy,2.441272613
2.5,2,3,2,umbrella,2.482310024
2.5,2,3,2,em_tskew,2.465104022
2.5,2,3,2,em_t,2.447610865
2.5,2,3,3,cloudy,2.455736272
2.5,2,3,3,umbrella,0.439823661
2.5,2,3,3,em_tskew,2.47693848
2.5,2,3,3,em_t,2.458654279
2.5,2,4,1,cloudy,2.428148316
2.5,2,4,1,umbrella,2.501036032
2.5,2,4,1,em_tskew,2.459823869
2.5,2,4,1,em_t,2.438977718
2.5,2,4,2,cloudy,2.429850444
2.5,2,4,2,umbrella,2.493745598
2.5,2,4,2,em_tskew,2.462753845
2.5,2,4,2,em_t,2.436688078
2.5,2,4,3,cloudy,2.420805724
2.5,2,4,3,umbrella,0.445662298
2.5,2,4,3,em_tskew,2.46099483
2.5,2,4,3,em_t,2.437259996
2.5,2,5,1,cloudy,2.434403668
2.5,2,5,1,umbrella,2.519498095
2.5,2,5,1,em_tskew,2.468639677
2.5,2,5,1,em_t,2.442997247
2.5,2,5,2,cloudy,2.441272613
2.5,2,5,2,umbrella,0.439047745
2.5,2,5,2,em_tskew,2.474560358
2.5,2,5,2,em_t,2.451085101
2.5,2,5,3,cloudy,2.42871537
2.5,2,5,3,umbrella,2.520119406
2.5,2,5,3,em_tskew,2.456319193
2.5,2,5,3,em_t,2.436116486
2.5,3,1,1,cloudy,2.263845265
2.5,3,1,1,umbrella,0.529244209
2.5,3,1,1,em_tskew,2.430986808
2.5,3,1,1,em_t,2.494956986
2.5,3,1,2,cloudy,2.24620476
2.5,3,1,2,umbrella,0.508411873
2.5,3,1,2,em_tskew,2.380546634
2.5,3,1,2,em_t,2.444148657
2.5,3,1,3,cloudy,2.256656161
2.5,3,1,3,umbrella,0.52517813
2.5,3,1,3,em_tskew,2.393604491
2.5,3,1,3,em_t,2.481711759
2.5,3,2,1,cloudy,2.271086426
2.5,3,2,1,umbrella,0.513495852
2.5,3,2,1,em_tskew,2.408501319
2.5,3,2,1,em_t,2.475748712
2.5,3,2,2,cloudy,2.261923111
2.5,3,2,2,umbrella,0.505092092
2.5,3,2,2,em_tskew,2.411842079
2.5,3,2,2,em_t,2.463928243
2.5,3,2,3,cloudy,2.23914092
2.5,3,2,3,umbrella,0.482157185
2.5,3,2,3,em_tskew,2.396895772
2.5,3,2,3,em_t,2.442997247
2.5,3,3,1,cloudy,2.239610294
2.5,3,3,1,umbrella,0.515084681
2.5,3,3,1,em_tskew,2.397995278
2.5,3,3,1,em_t,2.45457145
2.5,3,3,2,cloudy,2.258568208
2.5,3,3,2,umbrella,0.534435489
2.5,3,3,2,em_tskew,2.411842079
2.5,3,3,2,em_t,2.478129666
2.5,3,3,3,cloudy,2.24620476
2.5,3,3,3,umbrella,0.514833645
2.5,3,3,3,em_tskew,2.401853095
2.5,3,3,3,em_t,2.471003745
2.5,3,4,1,cloudy,2.252843001
2.5,3,4,1,umbrella,0.504181081
2.5,3,4,1,em_tskew,2.42871537
2.5,3,4,1,em_t,2.502866975
2.5,3,4,2,cloudy,2.247623535
2.5,3,4,2,umbrella,0.509909377
2.5,3,4,2,em_tskew,2.400749342
2.5,3,4,2,em_t,2.458654279
2.5,3,4,3,cloudy,2.229334631
2.5,3,4,3,umbrella,0.534776845
2.5,3,4,3,em_tskew,2.354404842
2.5,3,4,3,em_t,2.433263417
2.5,3,5,1,cloudy,2.23914092
2.5,3,5,1,umbrella,0.531028331
2.5,3,5,1,em_tskew,2.394152287
2.5,3,5,1,em_t,2.453989547
2.5,3,5,2,cloudy,2.268183666
2.5,3,5,2,umbrella,0.52915933
2.5,3,5,2,em_tskew,2.440698395
2.5,3,5,2,em_t,2.493140455
2.5,3,5,3,cloudy,2.253794929
2.5,3,5,3,umbrella,0.51961413
2.5,3,5,3,em_tskew,2.383795148
2.5,3,5,3,em_t,2.465104022
2.5,4,1,1,cloudy,1.897786874
2.5,4,1,1,umbrella,0.663879683
2.5,4,1,1,em_tskew,2.237734121
2.5,4,1,1,em_t,2.319222734
2.5,4,1,2,cloudy,1.920388612
2.5,4,1,2,umbrella,0.653926467
2.5,4,1,2,em_tskew,2.298095188
2.5,4,1,2,em_t,2.373007557
2.5,4,1,3,cloudy,1.883874758
2.5,4,1,3,umbrella,0.681811671
2.5,4,1,3,em_tskew,2.212287455
2.5,4,1,3,em_t,2.283272782
2.5,4,2,1,cloudy,1.878952681
2.5,4,2,1,umbrella,0.663200104
2.5,4,2,1,em_tskew,2.235393843
2.5,4,2,1,em_t,2.302085218
2.5,4,2,2,cloudy,1.881574774
2.5,4,2,2,umbrella,0.671190013
2.5,4,2,2,em_tskew,2.285727976
2.5,4,2,2,em_t,2.339249077
2.5,4,2,3,cloudy,1.909530005
2.5,4,2,3,umbrella,0.668552134
2.5,4,2,3,em_tskew,2.311121424
2.5,4,2,3,em_t,2.374618296
2.5,4,3,1,cloudy,1.891800823
2.5,4,3,1,umbrella,0.650950132
2.5,4,3,1,em_tskew,2.215490386
2.5,4,3,1,em_t,2.287696481
2.5,4,3,2,cloudy,1.866914143
2.5,4,3,2,umbrella,0.661454734
2.5,4,3,2,em_tskew,2.247150386
2.5,4,3,2,em_t,2.314657674
2.5,4,3,3,cloudy,1.842000686
2.5,4,3,3,umbrella,0.652773286
2.5,4,3,3,em_tskew,2.153734146
2.5,4,3,3,em_t,2.215032196
2.5,4,4,1,cloudy,1.898454208
2.5,4,4,1,umbrella,0.662036186
2.5,4,4,1,em_tskew,2.264326381
2.5,4,4,1,em_t,2.320240028
2.5,4,4,2,cloudy,1.878625402
2.5,4,4,2,umbrella,0.667674385
2.5,4,4,2,em_tskew,2.213658884
2.5,4,4,2,em_t,2.287696481
2.5,4,4,3,cloudy,1.87307799
2.5,4,4,3,umbrella,0.653349711
2.5,4,4,3,em_tskew,2.204551353
2.5,4,4,3,em_t,2.299589584
2.5,4,5,1,cloudy,1.890806623
2.5,4,5,1,umbrella,0.632428446
2.5,4,5,1,em_tskew,2.254747764
2.5,4,5,1,em_t,2.3227878
2.5,4,5,2,cloudy,1.878952681
2.5,4,5,2,umbrella,0.639606414
2.5,4,5,2,em_tskew,2.240079888
2.5,4,5,2,em_t,2.311625838
2.5,4,5,3,cloudy,1.863685209
2.5,4,5,3,umbrella,0.678652734
2.5,4,5,3,em_tskew,2.231660755
2.5,4,5,3,em_t,2.294121015
